雅芳,Avon
哈拉曼香水,Al Haramain Perfumes
阿基马尔,Ajmal
阿玛芙,Armaf
阿克米亚香氛,Alkemia Perfumes
阿斯加拉里,Asgharali
萨满德·奇拉士,Abdul Samad Al Qurashi
半岛电视台,Al-Jazeera Perfumes
,Zoe KarssenZoe Karssen
阿芙南之香,Afnan
安东尼奥·班德拉斯,Antonio Banderas
阿迪达斯,Adidas
玛斯巴哈,Al Musbah
阿布杜尔·卡里姆·法洛丽丝,Abdul Karim Al Faransi
阿瑞基勒多,Areej Le Doré
艺术美饰,Art Deco Perfumes
凌仕,AXE
欧珑,Atelier Cologne
阿莱帕如撒,Alye Parusa
安娜雅克,Annayake
佛罗伦萨之水,Acqua di Firenze
萨拉查香氛,Aromas de Salazar
安吉斯勒塞,Angel Schlesser
阿尔德·奥·萨法安,Ard Al Zaafaran
亚历山大·,JAlexandre.J
登喜路,Alfred Dunhill
空间感,Axis
亚伦・特伦斯・休斯,Aaron Terence Hughes
安吉拉·佛兰德,Angela Flanders
阿嘉莎·鲁兹·德拉普拉达,Agatha Ruiz de la Prada
艾瓦国际,Air-Val International
阿瓦提慕,Avatim
雅芮,Aerin
雅男仕,Aramis
艾丽莎,Alyssa Ashley
美好芬芳,Aromata Mirabilia
阿尔安布拉,Al Ambra
奥伦迪斯马,Aulentissima
炼金缪斯,Alchemic Muse
尚有故事,And Other Stories
安东尼奥·维斯孔蒂,Antonio Visconti
奥瑞斯工坊,Atelier des Ors
佳味香氛,All Good Scents
阿尔瓦雷斯·戈麦斯,Alvarez Goméz
以太,Aether
私人香氛,All Your Personal Aroma
密使,Agent Provocateur
埃姆朗德,Amouroud
蔓藤花纹,Arabesque Perfumes
巴塔士概念,Al Battash Concepts
尤瑞科香氛,Atelier Ulric Fragrances
热那亚之水,Acqua di Genova
安法斯,Anfas
安尼米尔,Animale
阿夸迪斯特雷萨,Acqua di Stresa
阿尔加布拉之香,Alghabra Parfums
以太艺术,Aether Arts Perfume
兴奋香剂,Agonist
阿兰德龙,Alain Delon
亚历山大·麦昆,Alexander McQueen
阿兰·丹尼尔,Alain Daniel
亚历山德拉格鲁克,Alexandra Gluck
奥德姆瑞士香水,Art of Scent - Swiss Perfumes
萨丁岛之水,Acqua di Sardegna
阿嘉斯恩奇·芭莎,Agarscents Bazaar
艾伦·肖,Allen Shaw
爱之父,Amordad
安娜·希克曼,Ana Hickmann
戴尔博之水,Acqua dell Elba
伊索,Aesop
艾莉森·奥多尼,ALYSONOLDOINI
安吉拉·西帕纳,Angela Ciampagna
阿拉比亚特,Arabiyat
特罗吉克香氛,Aromatologic
莎辛那,Assassina
阿特林之星,Atrin Star
阿德斯·维尼塔斯,Aedes de Venustas
阿克罗,Akro
埃尔维罗·马汀尼,Alviero Martini
阿兰香氛,Arran Aromatics
马泰里工作室,Atelier Materi
装饰品,Accessorize
维特汀尼,Adrienne Vittadini
亚喀巴,Aqaba
欧臻廷,ARgENTUM
美好生活,A Beautiful Life Brands
另类实验室,Alternative Lab
安德拉·玛卡,Andrea Maack
安蒂卡艾博瑞斯塔,Antica Erboristeria e Spezieria San Simone
俄塞迪斯,Accendis
亚当,Adam
爱幽香,Affinessence
艾丽西娅·米勒,Alicia Milor
阿兹曼,Azman
杜兰德之香,A.P. Durand Parfums
德尔朗格之水,Acqua Delle Langhe
意大利之水,Acque di Italia
奥法罗马,Alfaroma
阿拉塔雅,ALTAIA
费雷罗选集,Anthologie by Lucien Ferrero Maitre Parfumeur
古代药剂师,Antica Farmacista
混合金属,Auric Blends
兰博基尼,Lamborghini
雅培·纽约,Abbott New York City
阿古色维拉,Agua de Sevilla
安茹,Anjou
安妮·克莱因,Anne Klein
艺术之香,Art of Perfumery
贝拉之水,Acqua di Biella
哈加拉,Ahjaar
艾米·马尔,Aimee de Mars Parfums
阿拉亚,Alaia Paris
亚马逊绿意,Amazongreen
安德莉·普特曼,Andree Putman
万物之灵,Anima Mundi
达芬奇的灵魂,Anima Vinci
美丽苹果,Apple Beauty
艾利香氛,Ayliroma
阿巴顿兄弟,Abaton Bros.
莫娜斯特瑞,Ai Monasteri
安缦,Aman
美国丽人,American Beauty
艾瑞尼·易恩登,Ariane Inden
艺术遇见艺术,Art Meets Art
阿扎古瑞,Azagury
一打玫瑰,A Dozen Roses
归来,AAWED
奢华巴塔士,Al Battash Luxury
炼金师,Alchimista
艾丽简多,Alejandro Sanz
安瑞,Anre
安东尼娅之花,Antonia's Flowers
冒险,Aventuur
有机香水,A Perfume Organic
瑞勒之水,Acqua Reale
阿久米,Adjiumi
阿道夫之香,Adolfo Fragrances
雅昵斯比,Agnes B
卡纳里亚斯之舞,Alma de Canarias
奥特轮·埃森丝之香,Altern Essence Perfume
安·斯蒂格,Ann Steeger
安奴希,Anucci
阿波塔卡,Apotheca
艾丽尔·肖莎娜,Arielle Shoshana
奥特瑞之香,Autre Parfum
艾宾罗伊,Albin du Roy
艾薇德,Alverde
阿梅尔戈,Amelgo
美国沿海,American Coastal
阿娜·莎拉扎,Ana Salazar
阿丽亚娜埃文斯,Ariana & Evans
贵族狂热,Aristocrazy
阿卡迪亚·沙伯瑞思,Arkadia Sabores y Aromas de Autor
阿比蒂森,Abietson
奥古斯汀·戴维拉,Agustin Davila
亚历山大·朱力安,Alexander Julian
奥尔福德 & 霍夫,Alford & Hoff
艾莉森,Allison
安妮·芳婷,Anne Fontaine
匿名,Anonim
安少沙,Anthousa
安缇嘉·巴贝瑞亚,Antiga Barbearia de Bairro
安东尼奥·罗西尼,Antonio Rossini
阿斯特丽德,Astrid
艾薇儿·拉维尼,Avril Lavigne
艾瑞尔,Ayrel
苦难,Affliction
六字之后,After Six
Á,guas de IpanemaÁguas de Ipanema
艾尔塞维利亚,Aire De Sevilla
爱莎香氛,Aisha Perfumes by Neide Albano
亚历山大,Alexandre Barthet
安妮宾,Anine Bing
安妮·卡新格,Anne de Cassignac
安妮·普朗德,Anne de Péraudel
安妮·米勒,Anne Möller
群岛植物,Archipelago Botanicals
傲慢的猫,Arrogant Cat
光环,Aura
奥斯汀·里德,Austin Reed
南极光,Australis
隐匿之香,Absentia Aromatics
阿瑟特,Aceite
自然法则,Acousticjus
莱夫卡达之水,Acqua di Portokali
阿德莉·亚佩尔,Adrien Arpel
漫漫时光,Aeon
非洲之骄,African Pride
冲浪者之水,Agua De Surf
艾伯特·尼波,Albert Nipon
亚历山德,Alessandro
亚历山大黛拉托尔,Alessandro Della Torre
爱勒格力,Allegri
阿尔法同盟,Alpha Emu
奥库米亚,Alquimia
因尼斯布拉克,Alt-Innsbruck
阿曼达·莱波雷,Amanda Lepore
阿米奥特,Amiot
阿梅泽尔,Amzell
安迪·罗迪克,Andy Roddick
安妮卡&麦琪,Anicka Yi & Maggie Peng
安雅·卢比可,Anja Rubik
安妮·普利斯卡,Anne Pliska
安妮玛丽·柏琳,Annemarie Börlind
安妮·奥克利,Annie Oakley
安妮卡·索伦斯坦,Annika Sorenstam
安东尼娅索拉,Antonija Šola
爱普利斯,Apolis
苹果之林,Applewoods
阿瑞,Aray
戴尔之盔,Armour Dial
提卡香氛,Aromatica
阿森纳,Arsenal FC
阿特利普,Artalep
瑞士阿蒂米斯,Artemis of Switzerland 
阿什利·罗伯特,Ashley Roberts
爱丝普蕾,Asprey London
自我,Atman
阿罗拉,Ayura
阿兹瑞尔,Azurel
阿兹格斯,Azygos
身体浴家,Bath & Body Works
黑凤凰炼金屋,Black Phoenix Alchemy Lab
博迪西亚,Boadicea the Victorious
布鲁卡德,Brocard
邦9号,Bond No 9
犹达,Bi-es
布鲁诺·阿坎波拉,Bruno Acampora
宝诗龙,Boucheron
波斯1920,Bois 1920
比尔里,Beary
贝蒂·巴克莱,Betty Barclay
妙巴黎,Bourjois
毕伯劳斯,Byblos
布兰妮,Britney Spears
布鲁·巴娜尼,Bruno Banani
贝贾尔,Bejar
巴黎世家,Balenciaga
花蕾之香,Bud Parfums
巴提斯托尼,Battistoni
宾利,Bentley
博格,Bogue
巴萨瑞尼,Baldessarini
红蝴蝶,Binet-Papillon
血色气息,Blood Concept
布鲁玛林,Blumarine
贝弗利山90210,Beverly Hills 90210
毕坚,Bijan
黑鸟,Blackbird
科特城堡庄园,Bastide Aix en Provence
碧碧,Bebe
碧昂丝,Beyonce
比约克浆果,Bjork and Berries
黑崖香氛,Blackcliff Parfums
巴赫法姆恩,Bahfamsn Fragrance
拜伦香氛,Byron Parfums
巴尔蒂尼尼,Baldinini
伦敦博福特,BeauFort London
毕吉姆,Begim
巴瑞缇,Baruti
贝玲妃,Benefit
生态海,Biosea
植物,Botanique
布鲁克林之香,Brooklyn Perfume Company
布克兄弟,Brooks Brothers
再忙也要美,B Never Too Busy To Be Beautiful
布鲁玛妮,Bruno Magli
贝索海滩香水,Beso Beach Perfumes
比索麦伊,Bissoumine
布罗基之香,Blocki
布洛克,Blöke
布里奥尼,Brioni
伯丁,Burdin
生物选择,Bioselect
比约恩·博格,Bjorn Borg
布洛埃,Blauer
孟买之香,Bombay Perfumery
弗罗洛夫·闫&瓦勒瑞·米哈利特尼,By Yan Froloff & Valery Mikhalitcyn
巴伦特香氛,Balint Parfums
班馥,Bamford
卜麦琪,Bob Mackie
波比布朗,Bobbi Brown
别致波西米亚,Boheme Chic
宝缇嘉香氛,Bottega Profumiera
巴默特,Bamotte
巴素,Basile
蓝,QBlue Q
毛线鞋宝贝化妆品,Bootie Babe Cosmetics
布加迪,Bugatti
加州巴克斯特,Baxter of California
伯纳德·卢瓦,Bernard Loiseau
贝尼尼,Bernini
贝斯特,Besties
波邦尼斯,Borbonese
得克萨斯州博伊德,Boyd's of Texas
布瑞尔·米兰诺,Breil Milano
皮扣,Buckle
赤脚医生,Barefoot Doctor
巴格之子,Baug Sons
贝多,XBedeauX
比缇·贝蒂,Bitty Bettys
宝嘉美,Blackglama
布莱斯·莫坦,Blaise Mautin
巴波,Babor
贝尔桑斯,Belsans
本西蒙,Bensimon
贝恩德·伯杰,Bernd Berger
保黛宝,Bettina Barty
美丽贝弗利山,Beverly Hills Beauty
贝佳斯,Borghese
英国斯特灵,British Sterling Cologne
布鲁斯·威利斯,Bruce Willis
巴尔西纳,Balsina
蝙蝠侠,Batman
本塔百瑞,Benta Berry
摇篮曲之芳,Berceuse Parfum
最佳公司,Best Company
伯斯尼·汉密尔顿,Bethany Hamilton
小樱桃,Bonpoint
鲍里斯·萨贝里,Boris Bidjan Saberi
布迪卡,Boudicca
布鲁斯·达内尔,Bruce Darnell
布布吉安特,Buguggiate
邦菲仕,Bunkface
巴贝尔,Babēl
巴拉荻,Baratti
芭芭拉·裴,Barbara Bui
巴巴拉古尔德,Barbara Gould
芭芭拉·比森,Barbara Orbison
巴博利海岸公司,Barberry Coast Shave Co.
营销美丽公司,Beaute Marketing Inc
贝多芬,Beethoven
柏林美妆,Berlin Cosmetics
贝尔纳·拉兰德,Bernard Lalande
巴司香氛,Bha's Fragrance Boutique Limited
少年比利,Billy Boy
蓝光,Bleulight
必烈斯,Bliss
黑色单宁,BLK DNM
布卢明代尔,Bloomingdales
蓝色狒狒,Blue Baboon
柏雷斯 里舍,Bois Richeux
孟买蓝宝石,Bombay Sapphire
邦尼·比尔,Bonne Bell
邦顿,Bonton
播威,Bovet
博兹香氛,Boz Fragrance
布兰德欧斯特,Brandost
布朗迪之香,Brandy Parfums
布里尼,Bryenne
汉堡王,Burger King
小蜜蜂,Burt's Bees
乐儿宝,By Bobo
赫芮亚,Carolina Herrera
凯文克莱,Calvin Klein
希尔之香,CIEL Parfum
香奈儿,Chanel
卡朗,Caron
克里斯汀·拉瓦锡,Christine Lavoisier Parfums
克莱夫•克里斯蒂安,Clive Christian
卡夏尔,Cacharel
蓝色和平,Comptoir Sud Pacifique
古巴巴黎,Cuba Paris
叶绿素,Chlorophylla
城市,City
卡纷,Carven
古未界,Courrèges
西科洛化妆品,Ciclo Cosméticos
辛蒂,CCindy C.
切瑞蒂,Cerruti
卡纳·巴塞罗那,Carner Barcelona
科里瑟拉斯,Crusellas & Company
克里斯汀理查德,Christian Richard
丘比特之香,Cupid Perfumes
卡洛哥林多,Carlo Corinto
陆地公司,Companhia da Terra
科吉雷特,Coquillete
普罗旺扎诺香氛,Christian Provenzano Parfums
中印公司,Compagnia Delle Indie
吉吉,Chi Chi
克里斯汀·路铂廷,Christian Louboutin
克里斯蒂娜,Christina Aguilera
捷克&斯比克,Czech & Speake
卡萨莫拉蒂,Casamorati Dal1888
卡斯泰尔巴雅克,Castelbajac
夏利豪,Charriol
犯罪分子,Criminal Elements
秘密实验室,Clandestine Laboratories
科隆·基恩,Cloon Keen Atelier
宇宙起源,Cosmogony
福布斯城堡,Castle Forbes
席琳·迪翁,Celine Dion
查姆艾斯妮卡,Charme Essência
克里斯托弗·汉伦,Christopher Hanlon
装饰密码,Code Deco
康波塔之香,Comporta Perfumes
科黛,Corday
卡利普索·姬丝汀·卡勒,Calypso Christiane Celle
卡洛科鲁奇,Carlo Colucci
叛逆者自白,Confessions of A Rebel
卡乐之香,Cale Fragranze d’Autore
卡尔冈,Calgon
克劳德马萨尔香水,Claude Marsal Parfums
科尔顿,Colton
帕尔芙,Contes de Parfums
手工香氛,Crop
娇韵诗,Clarins
康德之香,Condé Parfum
征服者个人护理,Conquest Personal Care
科雷特诺,Coreterno
宇宙的猜想,Cosmic Speculation
伊欧克,Contradictions in ILK
克芮恩,CRA-YON
森陶里香氛,Centauri Perfumes
仙人掌,Cereus
查普曼,Cheramy
克里斯鲁萨克,Chris Rusak
查布拉维驰,Chabrawichi
尚汤尔·托马斯,Chantal Thomass
礼拜工坊,Chapel Factory
卓丹,Charles Jourdan
克里斯泰勒·雅克曼,Christèle Jacquemin
皇家公司,Compagnie Royale
科尔尼·科布森,Corinne Cobson
康纳利,Canali
坎美科,Canmake
阿嘉萨·布罗斯,Carnival Wax - Agatha Blois
凯斯·柯林斯,Cath Collins
卡提尔,Cattier
克莱尔,Claire's
会所香氛,Club Parfumerie
珂蒂丝,Condensé Paris
酷享生活,Coolife
卡伦香氛,Carlen Parfums
职业牛仔香氛,Carrera Jeans Parfums
里茨查尔兹,Charles of the Ritz
辛香计划,Cinnamon Projects
古龙与棉花,Cologne & Cotton
交流,Converse
克罗伊斯,Creso
卡雷拉,Carrera
克里斯汀有机,Christy Organics
时空体,Chronotope
辛迪·克劳馥,Cindy Crawford
克劳德·安德烈·赫贝特,Claude Andre Hebert
棉花糖,Cottoncake
美之本质,CVS Essence of Beauty
西萨尔·帕奇奥提,Cesare Paciotti
克里斯蒂安·戈蒂埃,CG : Christian Gautier
仙黛尔,Chantelle
夏绿蒂·梅茵泽,Charlotte Meentzen
谢里·米兰妮,Cheri Milaney
椰子小屋,Coconut Hut
科琳举行婚礼,Coleen McLoughlin
卡瑞瑟萨隆梅,Coryse Salomé
哥斯塔摩尔,Costamor
小屋,Cottage
水晶香水,Crystal Parfum
侃·卡洛斯,Can Carlos
卡罗·帕左琳尼,Carlo Pazolini
卡索利特,Cassolette
艾玛的酒庄,Castello di Ama
尚美巴黎,Chaumet
基姆湖,Chiemsee
克里斯蒂安·托图,Christian Tortu
不在话下,Cinch
科素菲宝龙,Cousu de Fil Blanc
仙鹤,Crane
克里斯坦诺·菲索尔,Cristiano Fissore
古拉左签名,Cuarzo Signature
辛西娅·罗利,Cynthia Rowley
卡洛斯桑塔纳,Carlos Santana
胭脂红戴维斯,Carmine Davis
卡罗莱纳'盖宁,Carolina Gynning
卡塔尔,Carta
克里斯托弗·克罗尼斯,Christopher Chronis
辛蒂沙黑特,Cindy Chahed
康罗伊,Conroy
科蒂娜1224,Cortina 1224
克尔维特,Corvette
卡多勒,Cadolle
凯特林·奥希尼,Caitlin O'Heaney
卡莉·布鲁,Cali Blue
卡拉汉,Callaghan
加勒比乔,Caribbean Joe
卡拉保加利亚玫瑰,Carla Bulgaria Roses Beauty
卡洛·皮格拉特利,Carlo Pignatelli
卡门·伊莱克塔,Carmen Electra
卡耐迪沃,Carnet de Vol
凯瑟琳·劳拉,Catherine Lara
细胞美妆,Cellcosmet
红圈,Cercle Rouge
查尔斯顿女孩,Charleston Girl
沙尔韦,Charvet
查兹·迪恩,Chaz Dean
奇多斯,Cheetos
雪儿·洛薇,Cher Lloyd
克里斯多弗·约瑟夫,Christopher Joseph
奇卡雷利,Ciccarelli
仙迪·阿当斯,Cindy Adams
科尔盖特·帕莫里夫,Colgate-Palmolive
收集瓶子,Collect & Bottle
群体概念,Community Concepts
珊瑚,Coral
巴西科斯塔,Costa Brazil
玛拉伯爵夫人,Countess Mara
拿破仑干邑,Courvoisier Cognac
异教崇拜51号,Cult 51
卡森斯,Cussons
琥珀,Dzintars
帝门特,Demeter Fragrance
迪奥,Dior
蒂普提克,Diptyque
都凌,Dorin
香草少女,Des Filles a la Vanille
丹娜,Dana
丹斯花园,Dans un Jardin
奥赛,D’ORSAY
贝克汉姆,David Beckham
塔菲博士,Dr. Taffi
丹尼尔·乔伊斯特,Daniel Josier
黛博拉,Deborah
蒂万,Divine
德赖斯·范诺顿,Dries Van Noten
漂移,Drift Parfum de Terre
丹妮卡.芳烃,Danica Aromatics
丹尼尔·巴罗斯,Daniel Barros
丹尼爱特,Daniel Hechter
戴维利斯香氛,David LISS Parfums
丹宁布,Denim
德里克 雷姆 10克罗斯比,Derek Lam 10 Crosby
达尔沉香,Dar Al Oud
迪芬娜,Divona
德加博,De Gabor
我的定义,DefineMe
德·杜夫特,Der Duft
迪维纳·特拉,DiVina Terra
丹尼尔·卓凡斯,Daniel Jouvance
邓洛普,Dunlop
大卫·乔奎因,David Jourquin
戴维斯之门,Davies Gate
深夜香氛,Deep Midnight Perfumes
迪亚蒂玛,Diadema Exclusif
蒂帕罗莫,Di Palomo
黛安·冯芙丝汀宝,Diane von Furstenberg
蒂塔·万提斯,Dita Von Teese
甜花,Dolce Fiore
多莉·帕顿,Dolly Parton
德卢伊,De Ruy
伦敦迪科,Deco London
斯德哥尔摩装点,Decorum Stockholm
发现香氛,Discovery Perfumes
迪梵,Darphin
甚至日光,DAY LIGHT
龙之香,Dragon Parfums
黑森林,Darkwood Forest
戴安娜·德·茜尔娃,Diana de Silva
狗狗家谱,Dog Generation
卡勒塞尼,Domenico Caraceni
剂量,Dossage
多蒂,Dotti
丹妮拉·卡森贝格,Daniela Katzenberger
徐丹尼,Danny Seo
但丁,Dante
他抒,Dashu
设计师香氛,Designer Parfums
蒂佛比斯,DeVobis
丝芙兰迪斯尼茉莉花集,Disney Jasmine Collection by Sephora
戴维·嘉雷特,David Garrett
戴维·哈里斯,David Haris
戴维·蒂博·博赫拉,David Thibaud-Bourahla
德拉若姆,Delarom
德拉勒,Dralle
公爵的蓓尔美尔街,Dukes of Pall Mall
丢勒,Durer
花花公子,Playboy
丹尼尔·斯蒂尔,Danielle Steel
丹尼尔·马丁诺维奇,Danijela Martinovic
达芙妮·吉尼斯,Daphne Guinness
迪可,DECO
德米卡,Dermika
德洛克,Deroc
绝望的主妇,Desperate Housewives
美味甜点,Dessert Beauty
迪薇琳妮,Deviline
德克 毕肯伯格斯,Dirk Bikkembergs
多纳泰拉·布伦特,Donatella Pecci Blunt
杜桑法国香氛公司,Doussan French Perfumery Co.
王朝,Dynasty
尤多拉,Eudora
雅诗兰黛,Estée Lauder
奇利尼,Edgardio Chilini
伊丽莎白雅顿,Elizabeth Arden
伊斯卡É,sika
伊曼纽尔·温加罗,Emanuel Ungaro
爱格纳,Etienne Aigner
杰尼亚,Ermenegildo Zegna
炼金精髓,Esscentual Alchemy
爱德华皮诺,Ed Pinaud
伊莱提马斯,Electimuss
恩萨尔乌德,Ensar Oud
艾斯特班,Esteban
艾尤普·萨布里·唐瑟,Eyüp Sabri Tuncer
生态香氛,EcoParfum
伊诗贝格,Eisenberg
埃拉米考,Ella Mikao
永恒,Everlast
折衷藏品,Eclectic Collections
艾利斯布鲁克林,Ellis Brooklyn
伊奥利亚之香,Eolie Parfums
伊丽莎白·泰勒,Elizabeth Taylor
依尼,Elle
香榭大道时尚,Elysees Fashion
埃巴洛杉矶,Ebba Los Angeles
恩波里厄姆,Emporium
爱丽小屋,Etude House
雅岚珂,Ella K Parfums
艾伦翠西,Ellen Tracy
埃沃伊,EVOY
埃里克·科曼,Erik Kormann
爱思特维亚,Estevan Parfums
伊甸园圣水,Elixirs Of Eden
伊丽莎白,Elizabeth W
埃利瑟瑞,Elisire
伊洛德,Elode
基本香氛,Essential Parfums
唯我芬芳,Essentially Me
埃利贾,Eligia
埃马努埃尔简,Emmanuelle Jane
埃塞香味冲击,Esse Strikes The Notes
埃斯米雷,Esme Rene
Ê,treÊtre
艾瑞斯香氛,Eris Parfums
耶路撒冷的本质,Essence of Jerusalem
依云,Evyan
迷情,Extase
艾罗马香水,Eroma Perfumes
嗅觉体验,Esperienze Olfattive
艾格,Etam
埃克萨尔塔图姆,Exaltatum
表情符号,Emoji
安普里奥美体屋,Emporio Body Store
艾若克斯,Erox
凡尔赛宫之恋,Esprit de Versailles
大学的本质是谁,Essence of Chi
佛落瑞巴斯·威尼斯,Ex Floribus Vinis
艾斯安斯,E99-EsAns
永恒的气味,Eternal Scents
永恒绅士,Eternel Gentleman
快运,Express
诺斯之水,Eau de Nous
伊克,Eauk
经典伊甸园,Eden Classic
艾森西·朱文尔,Esencias Juvenal
伊森亚,Essenza
美颜证据,Evidens de Beaute
地球资源,Earth Source
漫舞之水,Eau Contemporaine
伊甸公园,Eden Park
埃利塔哈里,Elie Tahari
基本信仰,Essential Faith
埃斯特哈齐,Estoras
依特亚香氛Ê,tre Au Parfum
太空之水,Eau de Space
埃迪·鲍尔,Eddie Bauer
艾格植物香氛,Eglė Jonaitytė Botanical Perfumes
艾丽美,Elemis
依恋多,Elianto
帝国香氛,Empire Fragrance
艾瑞奥诺,Erreuno
莫赞诺特,Essenze di Mezzanotte
贝弗利山庄,Eddy Ford Beverly Hills
伊德·佩普斯,EDO PYPSH
艾德薇姬·芬妮齐,Edwige Fenech
艾曼努尔·凯恩,Emmanuelle Khanh
恩瑞克 塞巴斯,Enrico Sebastiano
艾瑞克 塔巴利,Eric Tabarly
艾瑞卡·伊丽莎白,Erica Elizabeth Designs
埃塞克斯时装,Essex Couture
雅诗顿,Esthederm
永恒的爱,Eternal Love
艾蒂安·巴利,Etienne Barre
法布里克,Faberlic
弗伽亚1833,Fueguia 1833
花宫娜,Fragonard
金光闪烁,Fleurage
托尼斯之香,Frau Tonis Parfum
馥马尔香水出版社,Frederic Malle
圣安纽莉塔,Farmacia SS. Annunziata
尤娜姆,Filippo Sorcinelli
弗兰克·波克莱,Franck Boclet
满溢美妆,Fuller Cosmetics®
法拉利,Ferrari
富尔顿·洛克,Fulton & Roark
芬迪,Fendi
赛特之花,Fleur de Sante
馥蕾诗,Fresh
菲诺丝,Fresh Line
弗雷德里克·哈迪曼,Frederic Haldimann
法式风格,French Attitude
蝴蝶,Farfalla
弗洛门之香,Flumen Profumi
弗朗西斯·丹尼,Frances Denney
佛德瑞克·马赫拉,Federico Mahora
斐乐,Fila
法康娜布,Faconnable
芬嘉,Fenjal
花巷,Floral Street
芙拉,Furla
菲勒香氛,Fiele Fragrances
故土之息,Folkwinds
弗雷德西格尔,Fred Segal
爱尔兰香水,Fragrances of Ireland
调香师弗兰格福特,Fragrifert Parfumeur
威哈·塔马哈,FWIEHA FRAGRANZA TA'MALTA
弗朗西斯科·维特,Francesco Vitelli Perfumes
馥生六记,Fushengliuji
费拉 巴黎,Fellah Paris
费尔南达·布兰,Fernanda Brandao
42号香氛,Fragrance 42
香氛,OneFragrance One
香水共和国,Fragrance Republic
弗朗克穆勒,Franck Muller
弗雷·阿登斯,Fray Ardens
弗洛德,Floïd
弗奥,FO'AH
斯马特,Francesco Smalto
弗朗基·莫瑞洛,Frankie Morello
福瑞德莫丁,Friedemodin
菲姬,Fergie
五个星香水,Five Star Fragrances
弗兰卡·伯格,Franka M. Berger
弗雷·维尔勒,Frey Wille
友情寻味,Friendly Hunting
法,Fa
优之美香,Fine Fragrances & Cosmetics
顶点之花,Fleur De Point
绽放,Florescent
法碧,Fabi
法布伦,Fabulon
菲丝·希尔,Faith Hill
芬恩公司,Finn & Co.
鱼骨,Fishbone
弗洛里安,Florian
二月,Fab.
法提麦·洛佩斯,Fatima Lopes
花朵精华,Fleur Fragrance
弗洛里之声,Flori-bel
佛迪力·菲凯,Frederic Fekkai
好莱坞弗雷德里克,Frederick's of Hollywood
冰冷乏味,Frostbland
福步,FUBU
菲尔,Fyor
娇兰,Guerlain
纪梵希,Givenchy
阿玛尼,Giorgio Armani
古驰,Gucci
嘉利玛,Galimard
葛蕾,Gres
格瑞蒂博士,Gritti
格拉斯之香,Grasse Au Parfum
加拉赫之香,Gallagher Fragrances
奇安弗兰科·费雷,Gianfranco Ferre
完美化学反应,Good Chemistry
高什,Gosh
杰日尼,Gerini
吉欧·创珀尔,Geo. F. Trumper
焦万娜宝贝,Giovanna Baby
甘迪尼1896,Gandini 1896
格罗史密斯,Grossmith
托斯卡纳花园,Giardini Di Toscana
歌莉亚温德比,Gloria Vanderbilt
街头漫步,Gallivant
冈达姆,Gendarme
鬼才之鼻,G-Nose Perfumes
吉迪诺森,Giardino Dei Sensi
姬龙雪,Guy Laroche
盖尔,Gal
吉萨塔,Gisada
盖伊福克斯,GUY FOX
加比亚,Gabilla
香水收集,Gather Perfume
橘梗,Grandiflorum
甘特,Gant
吉尤姆,Genyum
乔治可达伊,George Kordahi
纤蔓绮丽,Germaine de Capuccini
瓜薇儿,Gravel
领袖之香,Guru Scent
乔依斯特,Goest
伟大的美国香味,Great American Scents
葛柏,Guepard
赞布罗塔,Gianluca Bulega Couture
吉利·黑克斯,Gilly Hicks Sydney
魅力高跟鞋,Glamour & Heels
高宾·诺德,Gobin Daudé
盖尔兄弟,Gelle Freres
乔治雷克,Georges Rech
吉拉德·丹福瑞,Gérard Danfre
吉列,Gillette Series
格莱菲特,Graphite
吉迪亚,Gydja
金汤力,Gin Tonic
乔治·米歇尔,Giorgio Michel
绅士汤力,Gentlemen's Tonic
坎帕尼亚,Gianni Campagna
吉娜·利亚诺,Gina Liano
吉娜斯,Ginestet
格伦布拉克,Glenn Bracke
光彩,Glossier
歌蒂嘉,Golddigga
金芭蕾,GoldenBallet
洁柔,G&S Special
赶死部落,Gainsboro
葛伦斯,Galanos
盖茨比,Gatsby
乔治·斯塔尔,Georges Stahl
杰拉尼,Gerani
嘉莉慧芭,Gerry Weber
全球,Globe
真善美,GoodTrueBeautiful
草根,Grassroots
日志,Gruhme
嗨！自由如你,GAH! FreeToBeYou
权力的游戏,Game of Thrones
格林福特,Geren Ford
吉格里奥,Giglio
吉尔伯特·亨利,Gilbert Henry
格拉夫,Gravier
葛丽泰·马斯楚安尼,Greta Mastroianni
雨果波士,Hugo Boss
爱马仕,Hermes
雅克·亨利,Henry Jacques
希尔德·索兰尼,Hilde Soliani
日出,Hinode
霍夫香氛,"Hové Parfumeur, Ltd."
香水故事,Histoires de Parfums
哈米迪乌木,Hamidi Oud & Perfumes
霍比格恩特,Houbigant
霍特之香,Haught Parfums
荷诺尔佩安,Honore Payan
亨得利之香,Hendley Perfumes
哈瑞嘉布斯,Herve Gambs Paris
森英惠,Hanae Mori
亨利·班德尔,Henri Bendel
亨利罗斯,Henry Rose
荷糖香氛,Holynose Parfums
航卡,Hunca
休帕森,Hugh Parsons
天堂炼金术,Heaven's Alchemy
赫莲娜,Helena Rubinstein
霍蒂托依提,Hoity Toity
赫克尔斯,Haeckels
康宝莱,Herbalife
奥菲斯之家,House of Orpheus
樱桃炸弹杀手之香,House of Cherry Bomb
汉诺哈,Hanorah
海洛依斯,Héloïse de V.
一叶绿地,Honore des Pres
哈斯香氛,Haas Parfum
哈莉·贝瑞,Halle Berry
哈雷·戴维森,Harley Davidson
霍雷肖,Horatio
水芝澳,H₂O Plus
夏威夷热带,Hawaiian Tropic
侯莫艾利格斯,Homoelegans
汉克马勒,Hunkemöller
海蒂·克拉姆,Heidi Klum
海伦·柯蒂斯,Helene Curtis
快乐达西,Helène D'Arcy
赫马,HEMA
悍马,Hummer
水果硬糖,Hard Candy
艾米丝·哈迪,Hardy Amies
豪特之家,House of Hautt
休伯特梅斯作品集,Hubert Maes Creations
海伦·费斯彻,Helene Fischer
赫西普,Hersip
荷芙妮格,Herve Leger
欢野,Hury
伦敦之美,Handsome London
汉斯·尤比克,Hans Ubbink
哈罗德·克劳克,Harald Gloockler
黑姆,HIM
皮囊,Hollyoaks
好莱坞米兰,Hollywood Milano
酒店巧克力,Hotel Chocolat
哈斯勒罗马酒店,Hotel Hassler Roma
汉普顿,Hampton Sun
哈姆萨,Hamsa
汉基帕基,Hanky Panky
罕娜斯彻,Hanusch
海德·康迪,Hed Kandi
哈蒂耶德黑兰,Hedyeh Tehrani
海伦·科迪尔,Helene Cordier
赫舍·伊兹,Hershee Izell
艾尔巴斯伊比萨,Hierbas de Ibiza
埃尔韦斯马洛卡,Hierbas de Mallorca
候塞因·卡拉扬,Hussein Chalayan
翡冷翠之香,I Profumi di Firenze
调香师,Il Profumiere
三宅一生,Issey Miyake
盒中世界,In The Box
冰山,Iceberg
臆想作家,Imaginary Authors
埃基斯,IKKS
埃基瑞儿,Ikiryō
西班牙学院,Instituto Español
菲奥雷,In Fiore
野靛,Indigo Wild
伊纳德,Isnard
科隆尼阿里,I Coloniali
爱纳克斯,IUNX
国际香精香料公司,IFF
爱迪欧,IDEO Parfumeurs
伊娜•德拉弗拉桑热,Ines de la Fressange
艾瑞·沃斯,Irie
伊莎贝尔·阿瑞安娜,Isabelle Ariana Parfums
邪恶之花,I Fiori Del Male
尹道特,Indult
有机护肤,Intelligent Nutrients
型时代,InStyle
情歌,Invocation
个性如我,I Caratteri
因提密斯米,Intimissimi
艾努比,Inubi
伊莎贝尔,Isabell
依格洛特,Inglot
伊莎贝拉·罗西里尼,Isabella Rossellini
香水大师,I Profumi del Mastro Profumaio
艾琳,Irene
伊莎贝尔·蒂若斯尼,Isabel Derroisne
地中海 伊索勒河,Isole Mediterranee
未决,In Fieri
亲密的研究,Intimate Research
艾玛·肖雷尔,Irma Shorell
艾康尼斯,Iconix
伊莫茨基,Imotski
帝皇香氛,Imperial
夺魂者卢梭,Imperio Lusso
英格里德·斯塔恩斯,Ingrid Starnes
智能护肤,Intelligent Skincare
互相需求,Interneeds
岛屿沐浴,Island Bath and body
伊索塔 弗拉西尼,Isotta Fraschini
伊塔莱特,Italart
Í,talo PereiraÍtalo Pereira
伊万娜 特朗普,Ivana Trump
杰屈缇,Jequiti
祖玛珑,Jo Malone
珍妮阿德,Jeanne Arthes
高缇耶,Jean Paul Gaultier
嘉福拉,JAFRA
乔安妮·巴赛特,JoAnne Bassett
法兰西花园,Jardin de France
波索,Jesus Del Pozo
乔汉·,BJohan B
朱塞特之香,Jousset Parfums
吉米·周,Jimmy Choo
杰奎斯·菲斯,Jacques Fath
捷豹,Jaguar
祖氏挚爱,Jo Loves
朱莉·伯克,Julie Burk Perfumes
积克宝格,Jacques Bogart
兹法高,Jivago
约翰·瓦维托斯,John Varvatos
普罗旺斯的珍妮,Jeanne en Provence
作家花园,Jardins d’Ecrivains
芝恩布莎,Jean Charles Brosseau
疯狂巴黎,Jul et Mad Paris
杰西卡·辛普森,Jessica Simpson
一月气味计划,January Scent Project
祖蓓,Jette Joop
芝恩高堤耶,Jean Couturier
路易雪莱,Jean-Louis Scherrer
让马克·西南,Jean-Marc Sinan
杰弗瑞贵妇,JD Jeffrey Dame
卓雅,Joya
雅克·埃瓦德,Jacques Evard
詹姆斯·邦德,James Bond
珍蒂毕丝,Jean Desprez
朱莉安娜·皮斯,Juliana Paes
爱之花园,Jardin d'Amour
约翰·加利亚诺,John Galliano
雅克·赫尔姆,Jacques Heim
嘉莱尼,Jalaine
贾泽尔,Jazeel
琼里弗斯,Joan Rivers
老百姓,Joe Bloggs
强斯 纽约,Jones New York
约瑟夫·阿布德,Joseph Abboud
贾斯汀·比伯,Justin Bieber
杜松巷香氛,Juniper Lane Perfumes
艾瑞·哈格,J'Aree Hage
雅克名设,Jacques Griffe
杰克·布莱克,Jack Black
理查德·格兰特,Jack Perfume
雅克·埃斯特雷勒,Jacques Esterel
让·路克·阿姆斯莱,Jean Luc Amsler
杰根斯,Jergens
乔伍德有机精粹,Jo Wood Organics
笛卡尔香氛,Joliot Descartes Parfums
让·帕斯卡,Jean Pascal
若伯利,Jebilly
杰夫银行,Jeff Banks
吉米简,Jimmyjane
胡里奥·伊格莱西亚斯,Julio Iglesias
加布尼&菲娜奥利,Jabrane & Fenaoui
雅克·罗斯柴尔德,Jacques Rothschild
吴季刚,Jason Wu
杰兹,Jay Z
让·雷诺,Jean Reno
杰里米林,Jeremy Lin
约翰·鲁索,John Russo
约翰·威廉姆斯,John Williams
橘次,Joots
乔瑟·安东尼奥,Jose Antonio Tenente
嘉克鲁,Jacoglu
雅克·欧莱尔,Jacques D'Auvillers
雅克·勒克莱尔,Jacques Leclerc
节德曼,Jade der Mann
杰米·尼古拉斯,Jammie Nicholas
简·莫兰,Jan Moran
简·布克,Jane Booke
珍爱芮德,Jane Iredale
让克洛德·吉拖瑞斯,Jean-Claude Jitrois
珍娜·詹姆森,Jenna Jameson
杰尼·法利,Jenni Farley
珍妮卡,Jennica
杰托瑞斯,Jitrois
摇摆舞之香,Jive Parfums
乔·格鲁明,Joe Grooming
茱莉,Joie
乔乔斯娃,JoJo Siwa
乔纳·霍登香氛,Jonah Hogden Parfum
乔纳罗穆,Jonah Lomu
约瑟芬·凯尔,Josephine Kell
乔西·吉布森,Josie Gibson
茱伯特,Joubert
白衬衫,Just White Shirts
正义博丹,Justice Bodan
凯卓,Kenzo
凯利安,Kilian
珂诺诗,Korres
凯科·麦彻瑞,Keiko Mecheri
可汗里斯,Khalis
凯伦·罗尔,Karen Low
克瑞格勒,Krigler
克洛·米兰,Kiko Milano
泰瑞香氛,Kyse Perfumes
凯特·丝蓓,Kate Spade
玩偶娃娃,Koto Parfums
凯尔西博茵,Kelsey Berwin
卡露儿,Kaloo
凯斯林,Kesling
科依蒂斯,Kiotis
金斯伯里,Kingsbury Fragrances
科尔马兹,Kolmaz
袋鼠,Kangol
科颜氏,Kiehl's
基林纽约,Kierin NYC
尼兹,Knize
卡里斯特·圣马丁,Kristel Saint Martin
金·卡戴珊,Kim Kardashian
开农,Kanøn
行者凯伦,Karen Walker
凯特方迪,Kat Von D
吉莫拉·李·西蒙斯,Kimora Lee Simmons
柯瑞亚麦,Kiera Mai
蔻凯,Kookai
凯特·沃什,Kate Walsh
卡夫卡国际,Kafka International
卡伊,Kai
凯夫香氛,Kaif Parfum
克里斯汀·米克尔,Kristen Michele
酷雯尼,Kuweni
肯德基,KFC
奇乐,Killer Loop
有点儿麦卡洛,Kinda McCullough
吻,Kiss Cosmetics
卡沃,Kao
莫文蔚,Karen Mok
卡尔莫兰,Karl Moran
卡洛利娜库尔科娃,Karolina Kurkova
肯特美妆,Kent Cosmetics
科米蛙,Kermit the Frog
凯丽·卡托娜,Kerry Katona
基奥利,KIÖRI
科罗兰,Klorane
克罗地亚,Klytia
科奈夫,Knauf
拉塔法香氛,Lattafa Perfumes
欧舒丹,L'Occitane en Provence
兰蔻,Lancome
岚舒,Lush
左岸,La Rive
路易斯·卡丹,Louis Cardin
菲奥里之水,L'acqua di Fiori
浪凡,Lanvin
劳伦勒,Laurelle London
洛丽塔,Lolita Lempicka
玫瑰心,Les Parfums de Rosine
黑再,Le Ré Noir
劳伦马佐,Laurent Mazzone Parfums
德国,LRLR
罗曼尼,Lomani
路易威登,Louis Vuitton
罗娜,Laura Biagiotti
鲁宾,Lubin
萝朵蒂克,Lothantique
李博廷·路易森,Libertin Louison Technique Indiscrete
兰诺,Lanoe
威劳瑞希,Lorenzo Villoresi
洛伦佐·帕扎格利亚,Lorenzo Pazzaglia
维尼亚,Lvnea
兰塞蒂,Lancetti
丽丽百慕大,Lili Bermuda
路易斯花娃,Louis Feraud
迈森香草,La Maison de la Vanille
莉莉·兰伯特,Lily Lambert
香芬味坊,L'Aromatica Perfume
贝尔,L'Bel
帮提蒂尔,La Bouquetiere
蓝瑟瑞克,Lentheric
里安勒,Leonard
诺亚的姐妹们,Les Soeurs de Noe
波西米亚工作室,L'Atelier Boheme
兰嘉斯汀,Lancaster
标签,Label
勒·布朗,Le Blanc
狂热1944,Le Cult 1944
非凡之香,Les Indemodables
伦之香,Len Fragrances
蕾娜海,Les Nereides
徕汀,Lydeen
欧彻斯特之香,L'Orchestre Parfum
克瑞尔,La Curie
香调精粹,L'Essence des Notes
托斯卡纳,La Collina Toscana
图书馆之花,Library of Flowers
劳伦佐·丹特,Lorenzo Dante Ferro
爱与土司,Love & Toast
卢伊小众,Lui Niche
萝拉美妆,Lola Cosmetics
迷途之行,Lostmarch
公民之香,Le Parfum Citoyen
莱卡门,Les Copains
利伯蒂娜香氛,Libertine Fragrance
乐途,Lotto
爱的一切,Love's
那抹芳香,L'Aromarine
玫瑰之水,L'Eau de Riô
东方,Orientica
经典重现,Long Lost Perfume
露西,BLucy B
邵坦尼·萨芭,La Sultane de Saba
传奇香氛,Legendary Fragrances
香花丛,Les Floralies
静止之香,Les Parfums Suspendus
罗波佳,Lobogal
费肯,La Facon
环状香氛,Le Cercle des Parfumeurs Createurs
果园王子,Le Prince Jardinier
丽萨·霍夫曼,Lisa Hoffman
卢马里,Loumari
恋爱幻想屋,LoveShackFancy
鲁多维卡·罗瑞多,Lú by Ludovica Di Loreto
兰博丽塔,Lambretta
拉奥尔,LAOR
破碎之芳,Le Frag
林多·加加林,Lindo Ganarin
爱多,Lovemore
实验室香氛,Laboratory Perfumes
流动之境,Lavas
单曲,Le Monarque
巴奇之花,Les Fleurs De Bach
联络之香,Liaison de Parfum
丽茨·厄尔,Liz Earle
卢拉,Lulah
美女露露,Lulu Beauty
露露·吉尼斯,Lulu Guinness
拉维妮娅,L'evinia
狂笑圣徒,Laughing Saint
洛朗多内尔,Laurent Dornel
拉扎勒斯·杜沃斯,Lazarus Douvos
假面之香,Le Persona
南方之人,Les Gens du Sud
琳达·兰登伯格,Linda Landenberg
罗拉心情,Lola Mood Parfums
蓝洛瑞,Loriblu
莲花,Lotus
拉克洛伊,La Croy
阿列西尼,La Parfumerie Arlesienne
娜圣莎,La Senza
拉杜丽,Ladurée
抽象香氛,Les Abstraits
莱斯利·布洛杰特香水日记,Lesley Blodgett Perfume Diaries
莱斯利·布鲁吉特,Leslie Blogdett
丽芙绿色,LIV GRN
鲁契亚诺·帕瓦罗蒂,Luciano Pavarotti
幸运牛仔,Lucky Brand
拉托哈,La Toja
女神卡卡,Lady Gaga
莱拉·巴格,Laila Bagge
拉瓦莱,Lavera
拉佛塔,Lavolta
劳伦斯·麦克默蒂,Lawrence McMurty
莫得香氛,Le Monde en Parfum
液态金钱,Liquid Money
丽莎&萨拉,Lisa & Sara
美丽森林,L'Oeil du Vert
沃伦斯科特,L'Wren Scott
贝内特,L.K.Bennett
公爵,La Ducale
森林,La Foret
家庭香氛,Parfums de Famille
海蓝之谜,La Mer
莱恩·布赖恩特,Lane Bryant
朗朗,Lang Lang
拉尼尔,Lanier
朗塞勒,Lanselle
劳拉·克劳馥,Lara Croft
法兰西之旅,Le Tour de France
李·斯塔福德,Lee Stafford
莱格瑞,Legrain
莱顿·丹尼,Leighton Denny
立陶宛·卡瓦帕斯,Lietuvos Kvapas
高冷百合,Lily Farouche
利莫诺尔 ,PLimonero P.
巴贝斯勋爵,Lord of Barbès
劳伦佐,Lorenzo Siena
拉瑞斯特,Loreste
恋爱气息,Love Scent
爱-生命之要,Love The Key to Life
恋爱帮,Lovegang
陆辛尼·范多兹,Lucienne Von Doz
露西·麦克林伯格,Lucy Mecklenburgh
泸州老窖,LUZHOU LAOJIAO
琳恩,Lyn
精粹香氛,L’essence de Mastenbroek
梅森·阿尔罕布拉,Maison Alhambra
米卡勒夫,M. Micallef
蒙塔莱,Montale
穆格勒,Mugler
桃花心木,Mahogany
曼塞拉,Mancera
马吉德·木扎法,Majid Muzaffar Iterji
茉若森（威尼斯精品香氛）,Monotheme
马莎百货,Marks & Spencer
玛西莫·都蒂,Massimo Dutti
麦莎香氛,Maïssa Parfums
梵诗柯香,Maison Francis Kurkdjian
迈克高仕,Michael Kors
我的香水实验室,Mine Perfume Lab
安东尼·马明之家,Maison Anthony Marmin
梅赛德斯·奔驰,Mercedes-Benz
密歇尔·杰曼,Michel Germain
松岛正树,Masaki Matsushima
米曾先生,Mizensir
万宝龙,Montblanc
梅尔·迈瑞欧,Mel Merio
米格尔马托斯,Miguel Matos
美如致雅,Myrurgia
意大利鸳鸯,Mandarina Duck
马克,mark.
莫娜·奥锐欧,Mona di Orio
米克·巴菲尼,Mirko Buffini Firenze
蒙特安妮香氛,Mont’Anne Parfums
默斯奇诺,Moschino
慕尼丽丝,Molyneux
变形,Morph
马诺斯·基诺肯尼斯,Manos Gerakinis
玛雅吉,Maryaj
小纽约,MiN New York
马乔里,Majouri
心灵游戏,Mind Games
玛利亚·詹蒂莱,Maria Candida Gentile
门蒂托洛萨,Mendittorosa
迈克尔·米夏尔斯基,Michael Michalsky
迈森克里维利,Maison Crivelli
尼古拉之家,Maison Nicolas de Barry
曼斯菲尔德,Mansfield
曼扎纳巴黎,Manzana Paris
莫瑞收藏,Maori Collection
马蒂尼,Madini
路易斯·玛丽,Maison Louis Marie
梅莱格之香,Meleg Perfumes
米欧·法修尼,Meo Fusciuni
米索尼,Missoni
蚊子与兔子,Moth and Rabbit Perfumes
米拉斯卡欧,Mila Schön
莫尔,Moar
蜜葳特,Melvita
玛丽亚·凯莉,Mariah Carey
玛丽珍妮,Marie Jeanne
马莫尔&孙,Marmol & Son
玛索妮,Masone
米歇尔比安奇,Michele Bianchi
梅森的浆果香氛,Maison de Parfum Berry
迈森雷巴奇,Maison Rebatchi
马克保罗,Marc O'Polo
摩根,Morgan
慕尔亨斯,Muelhens
克莱门蒂号之香（梅丽莎·弗拉格夏威夷之香）,Melissa Flagg Perfume
迈克尔·乔丹,Michael Jordan
莫诺莱布,Monolab
香氛博物馆,Museum Parfums
漫威,Marvel
蜜丝佛陀,Max Factor
米克莫伊,MIKMOI
米米娜,Mimmina
魔酒,Mojo
马来香水,Malay Perfumery
马利齐亚,Malizia
马克思·戈登,Max Gordon
门论,Mennen
嗅觉模式,Motif Olfactif
穆里尔化妆品,Muriel Cosméticos
皮加勒制造,Made In Pigalle
麦克斯·德维尔,Max Deville
巴黎马克西姆,Maxim's de Paris
梅尔卡多纳,Mercadona
迷妮唐卡,Minnetonka
神话,Mythos
嗅觉马赫,Maher Olfactive
黑屋,Maison Noir
玛雅・恩杰,Maya Njie
记忆档案,Mémoire Archives
米莎兹天然香氛,Meshaz Natural Perfumes
穆蒂斯,Mutis Nueva Granada
制作工程,Making of Cannes
美伊娜多,Menard
季候风,Monsoon
挪威心情,Moods Of Norway
穆罕默德阿里,Muhammad Ali
马亚安,Majan
马修·威廉姆森,Matthew Williamson
马夫罗基,Mavroki
麦丝玛拉,Max Mara
米汉香氛,Mihan Aromatics
六十年代小姐,Miss Sixty
曼纽尔·卡诺瓦斯,Manuel Canovas
毛丽,Maoli
马克·艾克,Marc Ecko
马克达·威尼兹,Marco da Venezia
纪念意大利嗅觉景观,Memento Italian Olfactive Landscapes
液态回忆,Memoire Liquide
天然水,Mizu
莫祖奇迹,MojoMagique
莫雷雷巴黎,Morreale Paris
装配浪漫,Mount Romance
麝香集,Musk Collection
野马,Mustang
罗克之家,Maison du Roc
玛珍提,Majenty
蔓蒂情好香氛,Mandy Lai Select
玛格丽特·阿斯特,Margaret Astor
米瑞娜·克里斯托弗斯,Maria Christofilis
玛丽娜·马瑞诺夫,Marina Marinof
马克·赖特,Mark Wright
麦露,Marlou
大都会收藏,Metropolitan Collection
米歇尔·伯格曼,Michele Bergman
米奇与好友,Mickey and Friends
米凯尔·巴瑞辛尼科夫,Mikhail Baryshnikov
摩纳哥之香,Monaco Parfums
女巫摩根,Morgane le Fay
玛德琳·薇欧奈,Madeleine Vionnet
麦格·罗根,Mag & Logan
马格拉斯,Magruss
梅尔,Mair
玛塔哈之家,Maison Mataha
马累,Malée
马里奥·华伦天奴,Mario Valentino
马克十字,Mark Cross
马索亚的秘密,Massoïa Secrets
马修·德克尔,Matthew Decker
美森索,Mesonsol
瓶中信物,Message in a Bottle
迈克尔·杰克逊,Michael Jackson
米莎拉,Missala
现代炼金术,Modern Alchemy
现代派之香,Modernist Fragrance
姆百丽,Mulberry
我的风景,My Scene
玛莲娜·费罗拉,Marella Ferrera
圣皮埃尔玛丽,Marie Saint Pierre
马瑞拉·马缇纳托,Mariella Martinato
玛丽娜·史密斯,Marina Smith
海洋翘楚,Marina Yachting
马泰奥香水,Matteo Parfums
玛雅,Mauá
摩尔罗曼,Merle Norman
米高梅大酒店,MGM Grand
性感魅音,Ministry Of Sound
塞尔弗里奇小姐,Miss Selfridge
米斯特拉尔香氛,Mistral Fragrances [M&W]
蒙哥马利·泰勒,Montgomery Taylor
巴黎蒙亚特,Monyette Paris
登月,Moonshot
穆雷&兰曼,Murray & Lanman
野马香水,Mustang Fragrances
米布尔香氛,M. Bur Parfums
玛特伊·特尔罗斯,Maître Tailleurs
玛丽,Mally
马克罗森,Marc Rosen
玛切萨,Marchesa
玛莉娅·莎拉波娃,Maria Sharapova
玛丽莲·梦露,Marilyn Monroe
玛丽·马丁洛朗,Martine Marie Laurent
赛跑,Match Race
梅琳达·麦森杰,Melinda Messenger
梅丽莎,Melissa
男士健康,Men's Health
门奈利克,Menelik Fragrances
美人鱼香水,Mermaid Perfume
米歇尔·霍尔迪,Michel Jordi
米哈伊尔·沃罗宁,Mihail Voronin
米拉·奥匹兹,Mila d'Opiz
米兰,FCMilan FC
科先生,MisterCO
莫埃,Moea
当娜罗格兹,Moon by Dana Rogoz
现代有机产品,Mop - Modern Organic Products
多又多,MORE&MORE
自然,Natura
新的黎明,Novaya Zarya
纳比勒,Nabeel
丽娜蕙姿,Nina Ricci
努安西,Nuancielo
尼奈之香,Ninel Perfume
紫猫物语,Novae Plus
尼格斯奥斯科尔,Nikkos-Oskol Fragrance
鸟巢,Nest
纳西姆,Naseem
耐吉玛,Nejma
旎讴,NOU
小说家,Novellista
努苏克,Nusuk
纳迪娅,ZNadia Z
新星,Nova
纳斯马图,Nasomatto
新嗅觉,New Notes
新巴黎之香,Nouveau Paris Perfume
奈克斯特,Next
气息香氛,Nose Perfumes
自然主义,Naturistics
纳亚西亚,Nayassia
欧树,Nuxe
神经,Nerval
妮琪·米娜,Nicki Minaj
纳萨雷诺·加布里埃利,Nazareno Gabrielli
神经植物,Neotantric
芳香笔记,Note di Profumum
北方裁缝,Northfields Tailors
迷醉之香,Narcotica
尼科·丹尼拉,Nicolas Danila
妮可·米勒,Nicole Miller
皇家贵族,Noble Royale
笔记本,Notebook
努特,Nout
奴若玛,Nuroma
力奇,Nickel
奈达秘密,Naiada Secrets
纳森金,Nasengold
天然霓虹,Neom Organics
诺福克薰衣草,Norfolk Lavender
诺拉诺澜德,Norra Norrland
诺伽特,Nougat
诺赫,NUHI
如新,NuSkin
没有恐惧,No Fear
樾丘,NOOK HILL
纳帕谷香氛,Napa Valley Perfumes
尼尔庭院,Neal's Yard
尼诺可,Nenuco
尼诺托马,Nino Touma
怀古收藏,Nostalgia Collection
纽约警局,NYPD Perfumes
纽约职业音乐人,NYPM
纳丘·维达尔,Nacho Vidal
纳斯,Nars
纳塔利伍德,Natalie Wood
娜尤密,Nayomi
纳兹瑞香精,Nazari Essences
尼基·劳达,Nicki Lauda
妮可·艾米之香,Nicole Amy Fragrances
妮基·桑法勒,Niki de Saint Phalle
尼基·泰勒,Niki Taylor
诺德斯特姆,Nordstrom
诺曼·哈特奈尔,Norman Hartnell
尼亚科,Nyakio
波提卡瑞,O Boticário
欧瑞莲,Oriflame
欧梦德·杰尼,Ormonde Jayne
奥托克恩,Otto Kern
奥运兰花工匠之香,Olympic Orchids Artisan Perfumes
奥,O'Driu
一天,One Day
嗅觉,Olfattiva
嗅觉映像室,Olfactive Studio
奥佛罗,Orlov Paris
奥利维尔·杜班纳,Olivier Durbano
阿曼奢华香氛,Omanluxury
嗅觉主义,Olfattology
独种,One Seed
奥利弗,Oliver & Co.
梧里气息,Oriscent
幽兰,Orlane
乌木精英,Oud Elite
我的气味,Odore Mio
香精工坊,Officina delle Essenze
初次,Once
娥佩兰,Opeer
奥瑞科,Onyrico
香水化合物,Optico Profumo
爱丽丽,Oilily
原生企鹅,Original Penguin
奥图·巴里斯,Orto Parisi
橄榄石工作室,Olivine Atelier
奴比,One of Those
毋名,Outis
奥斯顿,Ostens
奥坦尼,OTTANIQO
乌艾,OUAI
奥德·阿范纳,Oudh Al Anfar
奥利瓦雷斯和瑞贝罗,Olivares & Ribero
悦木之源,Origins
永恒之香Ö,rök Fragrances
单向组合,One Direction
有机的魅力,Organic Glam
老海军,Old Navy
奥利维恩,Olivin
奥兰·凯利,Orla Kiely
橘郡,Orange County Choppers
我们的遗赠,Our Legacy
奥斯玛,Oussama
诗,Poesie
皮埃尔·格拉姆,Pierre Guillaume Paris
优雅之香,Parfums Genty
潘海利根,Penhaligon's
圣陶尔香氛,Parfums et Senteurs du Pays Basque
菲波,Phebo
派瑞·艾磊仕,Perry Ellis
香水工坊,Perfumer's Workshop
自然哲理,Philosophy
皇家玛丽娜公主,Princesse Marina De Bourbon
复古香氛,Parfums Vintage
皮尔卡丹,Pierre Cardin
松华,Pineward Perfumes
保罗吉利,Paolo Gigli
百兰施,Place des Lices
罗马之香,Profumum Roma
康斯坦丁香水,Parfums Constantine
科尔之香,Parfums de Coeur
巴黎珍重,Prudence Paris
科迪贝,Parfums Codibel
佩里斯·蒙特·卡洛,Perris Monte Carlo
希尔顿,Paris Hilton
普林,Prin
普莉莎娜,Prissana
佩克斯列夫家,Pecksniff's
帕特里斯马丁,Patrice Martin
普墅,Parfums de la Bastide
路易·阿尔芒香水,Parfums Louis Armand
玫瑰拼图,Pinrose
帕纳多拉,Pana Dora
觉悟之香,Parfum Satori
佩佩牛仔裤,Pepe Jeans London
亲肤之香,Perfume and Skin
卑奴苏佛士打,Pino Silvestre
马查贝利王子,Prince Matchabelli
夜店玩家皮诺德,Pinaud Clubman
牛奶甜酒,Possets Perfume
帕尔莫之香,Parle Moi de Parfum
凤凰绿叶,Phoenix Botanicals
初诞气味,Premiere Note
派瑞拉,Parera
杜蒙之香,Parfumeurs du Monde
达西塔香氛,Parfums Dusita
孟买1950,Parfums Bombay 1950
至尊精选,Prime Collection
纯粹距离,Puredistance
06130号香水,Parfums 06130
卡米克色调香氛,Parfums Karmic Hues
潘泰莱里亚香氛,Profumi di Pantelleria
埃尔玛香氛,Parfums d'Elmar
夸塔娜香氛,Parfums Quartana
糟糕香水,Perfume.Sucks
甄选之水,Precious Liquid
玛丽香氛,Parfum Marie
西埃洛学府,Pedacito de Cielo
佩柯基,Pekji
菩璞,PUPU
南法庄园,Panier des Sens
西罗,Parfums Ciro
牙买加香氛,Parfums Jamaica
帕卡托创作,Peccato Originale
羊皮纸墙,Pell Wall Perfumes
锐进香水,Parfums Elite
索菲斯特香氛,Parfums Sophiste
埃尔维斯·普雷斯利,Priscilla Presley
凡尔赛宫,Parfums du Château de Versailles
巴黎蓝色香氛,Paris Bleu Parfums
保罗·塞巴斯蒂安,Paul Sebastian
波琳·罗莎斯,Pauline Rochas
普罗温科,Prouvenco
普西德莱,Pussy Deluxe
彼得·雅各布,Peter Jacobs
彼得·安德列,Peter Andre
摄影,Photogenics + Co
皮欧特·扎耐吉,Piotr Czarnecki
保罗·皮·科拉米兰,Paolo Pecora Milano
香草之香,Parfume de Vanille
野游人,Partisan Parfums
皮普保罗,Pitbull
潘诺斯·安普里奥,Panos Emporio
帕卢斯,Parlux
帕特里夏·派普,Patrizia Pepe
保罗&乔,Paul & Joe
保罗,schützePaul Schütze
波比·莫瑞尼,Popy Moreni
波特&摩尔,Potter & Moore
群星云集,Parade of Stars
帕拉,Parah
珍珠光泽香水,Pearlescent Parfums
卓越,Preeminence
秘制配方,Prescriptives
佛罗伦萨之香1954,Profumo di Firenze 1954
丹尼米洛的,D计划Project D by Dannii and Tabitha
纯天然天后,Pure Natural Diva
帕菲克,Parfico
蒂基香氛,Parfumerie Tiki
艾里尔之香,Parfums Ailleurs
范吉香氛,Parfums Valjean
帕特里克·德姆西,Patrick Dempsey
保罗的精品,Paul's Boutique
派雅,Payard
柏姿,Payot
菲比孔雀,Phoebe Peacock
皮拉·路西,Pilar & Lucy
粉红舍,Pink Room
奥博伦斯基王子,Prince Obolenski
珀莫帕芙,Promoparf Exclusive
海神,Proteo Profumi
香氛供应,Provision
天然香氛,Parfumerie Naturelle
莱韦林香水,Parfums Llewelyn
帕蒂·拉贝尔,Patti LaBelle
保罗·基凯利,Paul Djirkali
保罗多纳特,Paul Donnant
保罗·苏利兹,Paul-Loup Sulitzer
皮扎塔·波托菲诺,Piazetta di Portofino
彼尼法里纳,Pininfarina
原始之雾,Primal Mist
王子,Prince
普林西帕斯,Principessa Beauty
潘七台湾茶香水,Pan Seven International
旁塞壬,Par Siren
克里姆林宫香氛,Parfums Kremlin
马蒂斯香氛,Parfums Matisse
奔驰香氛,Parfums Mercedes
莫雷纳香水,Parfums Morena
纳马拉香氛,Parfums Namara
帕斯卡·夏勒,Pascal Schaller
帕斯卡尔,Pascall
帕莎娜,Pashana
派翠西亚·凯丝,Patricia Kaas
佩瑞嘉,Pereja
完美感觉莫丽,Perfect Sense Mane
诺兹珮之香,Perfumeria NOSYP
愉悦之香,Perfumes Hedoné
彼埃尔·维维恩,Pierre Vivion
皮埃尔·伍尔夫,Pierre Wulff
彼肯兹,Pikenz
皮若特,Pirette
普勒娜·艾瓦,Pollena Ewa
绒绒球,Pom Pom
美味烧烤,Pork Barrel BBQ
宝姿1961,Ports 1961
简况,Profile
河香水,Profumi Fluviali
普罗夫·那图瑞勒,Profumo Naturale
普尔姆德,Promod
蜂群皇后,Queen B
迪斯·贝蕾妮斯,Quem Disse Berenice
奎因·拉蒂法,Queen Latifah
天然精粹,Quintessence
极速骑板,Quiksilver
拉莎斯,Rasasi
罗嘉德芬,Roja Dove
帕高,Rabanne
拉夫劳伦,Ralph Lauren
典礼,Rituals
雷蒙·蒙尼格尔,Ramon Monegal
罗科巴洛克,Roccobarocco
罗拔贝格,Robert Piguet
反射,Reflexion
兰斯1795,Rance 1795
传统瑞雅娜,Reyane Tradition
雷加林,Regalien
瑞媚娜佗,Remy Latour
罗贝托·卡普奇,Roberto Capucci
鲁21,Rue21
道路,Roads
罗克珊娜闪耀香水,Roxana Illuminated Perfume
雷尼尔香氛,Renier Perfumes
示巴女王,Reine de Saba
瑞拉娜之香,Rirana Parfume
皇家美妆,Royal Cosmetic
拉蒙·比嘉,Ramón Béjar
罗密欧·吉利,Romeo Gigli
红色小兔,Rouge Bunny Rouge
拉赛福特,Rasei Fort
丽派朵,Repetto
波动上升,RisingWave
瑞高德,Rigaud
王子变青蛙,Royal Toad
罗伯塔·安德雷德,Roberta Andrade
混搭蔷薇,Rosarium Blends
皇家哥本哈根,Royal Copenhagen
皇家夏威夷,Royal Hawaiian
拉妮娅,Rania J
游牧世界,Raw Spirit Fragrances
国王香氛,Re Profumo
悦享,Recreation
伦尼·加罗,Rene Garraud
罗比·凡高,Robbie VanGogh
森林中的放射性蘑菇,Radioactive Mushrooms in the Forest
拉马克里斯那达,Ramakrishnananda
雷蒙·麦斯,Raymond Matts
丽晶化妆品,Regency Cosmetics
罗迪尔,Rodier
拉文纳·阿米尔,Romea D'Ameor
罗塞塔哈里斯,Rosseta Harris
鲁贝乌斯米兰,Rubeus Milano
理查德·布里斯托,Richard Lüscher Britos
河流岛,River Island
罗伯特·维扎瑞,Roberto Vizzari
蕊丝,Reiss
鲨鱼,Requin
罗杰·维维亚,Roger Vivier
罗纳德·埃斯珀,Ronald Esper
鲁比尼,Rubini
玫德雅韵,Rosae Virtus
曼彻斯特玫瑰,Rose & Co Manchester
博斯玫瑰,Rose en Bos
麦考林,Rampage
拉丝伯格,Raunsborg
领域香氛,Realm Fragrances
罗伯特·格兰厄姆,Robert Graham
罗伯托格雷科,Roberto Greco
罗伯特·托雷塔,Roberto Torretta
红润之水,Ruddy Water
拉夫尔,Raphael
雷内·兰扎德,Rene Lezard
瑞兹丹,Riaz Dan
里法特·沃兹别克,Rifat Ozbek
巴黎瑞兹,Ritz Paris
罗兰加洛斯,Roland Garros
罗南·基廷,Ronan Keating
根茎,Roots
罗斯德格,Rose Desgranges
罗威瑞&奥拉,Roveri & Aura
拉尔夫·默勒,Ralf Moeller
兰迪·莫斯,Randy Moss
独特之美,Rare Beauty
跳蚤市场,Rastro
雷嘉,Regia
雷吉娜·施雷克,Regina Schrecker
莱姆库尔足够了,Reichen Lehmkuhl
复仇,Revenge
里什蒙,Richemont
芮谜,Rimmel
保加利亚玫瑰,Rose of Bulgaria
皇家道尔顿,Royal Doulton
茹罗925号,Ruehl No.925
鲁保罗,RuPaul
瑞安里士满,Ryan Richmond
瑞士阿拉伯,Swiss Arabian
糖蜂,Sucreabeille
北极光,Severnoye Siyanie
索斯蒂斯,Solstice Scents
菲拉格慕,Salvatore Ferragamo
莎娃蒂妮,Salvador Dali
希芙莉兹,Soivohle
甜蜜必需品,Sweet Essentials
那么…?,So...?
斯盖拉,Skylar
都彭,S.T. Dupont
宣香,Scent Chant
塞吉奥·尼禄,Sergio Nero
夏奇拉,Shakira
赛皮尔,Sapil
奇隐香水坊,Strange Invisible Perfumes
丝芙兰,Sephora
签名香水,Signature Fragrances
沙伊蓝,Shay & Blue London
莎拉创作,Sarahs Creations
软性香水,Sabe Masson
萨利姆之香,Scent Salim
索诺玛香坊,Sonoma Scent Studio
艾历克西斯之香,Scent by Alexis
睡衣居所,Slumberhouse
大海的味道,Scent by the Sea
气味交响曲,Sinfonia di Note
六味芬芳,Six Scents
桑蒂·布尔加斯,Santi Burgas
萨瓦莱夫,Sawalef
斯普林菲尔德,Springfield
简内罗,Sol de Janeiro
莎拉·贝克,Sarah Baker Perfumes
七寸九,Sept Neuf EDP
莎拉·杰西卡·帕克,Sarah Jessica Parker
瑟吉欧·索尔达诺,Sergio Soldano
圣美伦,Susanne Lang
自然之星,Star Nature
赛伊之梦,Saine Imsne
圣达菲自然植物香味集,Santa Fe Botanical Natural Fragrance Collection
艾尔莎·夏帕瑞丽,Schiaparelli
桑丽卡,Sonia Rykiel
极度干燥,Superdry
伊诗洛,S.Ishira
圣查尔斯沙夫,Saint Charles Shave
谢奇尔·盖诺夫,Sergey Gubanov
锡吉里,Sigilli
心境,State of Mind
甜蜜颂歌,Sweet Anthem Perfumes
沙里尼天然香氛,Sharini Parfums Naturels
刺绣,Stitch Perfumes
巴黎之胜,Succes de Paris
甜蜜年华,Sweet Years
香水背景,Sfondo Perfume
风暴,Storm
对称,Symétrie
心灵工匠,Soul Artisan
堆叠式风格,Stacked Style
潮流之香,Style Parfum
莎琳妮,Shalini
西蒙尼·克萨科,Simone Cosac Profumi
斯堪的纳维亚,Skandinavisk
施丹兰,Stenders
斯道拉·斯库甘,Stora Skuggan
斯坦伯丽,Strenesse
苏拉,Sula
塞巴斯汀标记,Sebastian Signs
苏乐的披风,Sous le Manteau
苏兹·拉森,Suzy Larsen Perfumes
加勒比的味道,Scents of Caribbean
丝琪,Skeem
沙滩之铃,SmellsandBells
噼啪,Snap Perfume
海绵宝宝,SpongeBob Squarepants
斯塔克,Starck
诗丹丽,Stendhal
萨玛,Sama
圣活泉,Sanctuary
萨普之香,SAP Perfume
气味系统,Scent Systems
时间气味,Scents of Time
塞巴斯汀,Sebastiane
秘密卢卡,Segreti di Lucca
马奎斯工匠香水,Sherod Marquez Artisan Perfumes
植村秀,Shu Uemura
西凯利亚,Sikelia
索菲亚·巴莱斯特拉,Sofia Balestra
索菲娅·维加拉,Sofia Vergara
索芮拉·方塔那,Sorelle Fontana
静止生命,STILLLIFE
苏谢尔·卡马乔,Suchel Camacho
苏勒克,Suleko
肌肤之语,SÜS-SKÏND
纪念品,Suvenir
莎拉·科恩,Sarah Kern
索玛,Soma
播种,Sow Good
星球大战香氛,Star Wars Perfumes
斯特拉·卡顿特,Stella Cadente
萨阿德,Saad
舒肤佳,Safeguard
圣爱,Saint Amour
萨克斯第五大道,Saks Fifth Avenue
珊兹佛瑞斯,Sauze Freres
萨维尔,Saville
苏格兰斯卡帕,Scapa of Scotland
沙妮拉·卡玛,Shaneela Rowah Al-Qamar
桑塔纳,Shantara
西蒙常,Simon Chang
阁下,Sir
索朗芝,Solange Azagury-Partridge
索菲亚蒂尔,Sophia Thiel
圣·约翰,St. John
斯蒂芬·伯林根,Stephen Burlingham
甜心宝贝,Sugababes
苏洁妮,Suigeneris Non Binary Essence
斯万克公司,Swank Inc
法国希尔维,Sylvie de France
莎士基亚德兹,Saskia Diez
气味图书馆,Scent Library
香气之旅,Scentuous Fragrances
纽约之勺,Scoop NYC
谢因瓦尔德,Sheinvald
丝丽卡,Silka
南方生活,Southern Living
参赛选手斯塔希索罗门,Stacey Solomon
星球大战,Star Wars
塞拉利昂阳光,Sunny Leone
极品废柴,SuperTrash
萨拉提,Surrati
投降的机会,Surrender to Chance
苏姗·欧文斯,Susan D. Owens
圣杰姆,Saint James
萨尔,Salle
萨曼达,Samanda
史如斯,Scaasi
胆小鬼和淘气包,Scaramouche & Fandango
瑟奇·诺曼特,Serge Normant
危肌护理,Serious Skin Care
塞维·巴勒斯特罗,Seve Ballesteros
塞查尼,Sézane
谢尔比·布鲁斯,Shelbie Bruce
施亚拉,Shiara
希尔帕·谢蒂,Shilpa Shetty
舒莱雅德,Sholayered
蔚蓝天空,Sky+HD
微笑之美,Smiley Beauty
史密斯·文森,Smith & Wesson
旁观者,Spectator
斯佩克,Speick
那不勒斯,SSC Napoli
斯蒂尔顿,Stilton
法基格兰特,Sucesores B. Faig Gelant
苏彻尔·弗拉斯卡,Suchel Fragancias
苏迪弗,Sue Devitt
苏卡,Sulka
萨斯坎德版香水,Suskind Editions de Parfums
苏吉,Suzy
瑞士卫队,Swiss Guard
希薇,Sylvie
度亚,The Dua Brand
塞拉化妆品,Thera Cosméticos
美体小铺,The Body Shop
汤姆·福特,Tom Ford
汤米·希尔费格,Tommy Hilfiger
杜鲁萨迪,Trussardi
东京牛奶,Tokyo Milk Parfumerie Curiosite
桃丝熊,Tous
陶尔之香,Tauer Perfumes
香氛坊,The Parfumerie
坦尼亚·波尔斯,Tania Bulhões
非凡制造,The Different Company
托纳托香水,Tonatto Profumi
托马斯科斯玛拉,Thomas Kosmala
巴黎之门香氛,The Gate Fragrances Paris
托卡,Tocca
汤美巴哈马,Tommy Bahama
车迟迷笛,The Fragrance Design Studio
香水狂人,The Perfumist
迪拜精神,The Spirit of Dubai
伍兹典藏,The Woods Collection
甜美的阿拉伯人,Testament London
陆离香氛,The Scent of Departure
比利华山,Tova Beverly Hills
特里·德根茨堡,Terry de Gunzburg
皇冠香水有限公司,The Crown Perfumery Co.
翠丝麦依,Trish McEvoy
郁金香,Tulip
和谐,The Harmonist
动物园,The Zoo
塔伊布,Tayyib
哥特念珠,The Goth Rosary
爱兹故事香氛,The Perfumer's Story by Azzi
图兰雅,Tola
塔图德,Tuttotondo
香水工程,The Fragrance Engineers
提普顿·查理斯,Tipton Charles
塔威乐,Tauerville
科茨沃尔德之香,The Cotswold Perfumery
实验室,The Lab
托马斯萨博,Thomas Sabo
抗离散科技,Technique Indiscrete
菲诗小铺,The Face Shop
治愈花园,The Healing Garden
谭加蒂西里,Tan Giudicelli
十位数创作,Ten Digit Creations
泰莎·威廉姆斯,Tessa Williams
托斯卡因,Torre of Tuscany
天籁,Teana
兰德,Tisserand
观夏,To summer
托姆博格,Tromborg
聚会,The Party
蒂埃里·布隆,Thierry Blondeau
蒂姆·麦格罗,Tim McGraw
托巴利,Tobali
托巴,TOBBA
特雷·加达,Terre del Garda
无政府主义,The Anarchist
野兽派,The Beast
香氛世界,The World In Scents
第三人,Thirdman
汤姆布朗,Thom Browne
托特卡,Tolteca
塔范奇,Tuvaché
派与巧克力,Tartine et Chocolat
伦敦泰勒,Taylor of London
泰勒·史薇芙特,Taylor Swift
流体项目,The Phluid Project
蓝精灵,The Smurfs
总和,The Sum
蒂莫西·韩,Timothy Han Edition Perfumes
泰拉哥尼亚,Terragonia
特易购,Tesco
皇室香氛,The Royal Perfume
贼王子,The Vagabond Prince
顶级模特,TOPModel
泰德绿鳄群岛,Ted Green Cayman Islands
高岛屋,Takashimaya
谭若卡,Tann Rokka
特塞斯,Taoasis
皇家生活方式,The Royal Lifestyle
怀特公司,The White Company
直面,Too Faced
炎热,Torrid
特里尼,Torrini
庞然大物,Tremendous
塔米·加尔,Tammie Garr
泰亚布尔美妆,Tanya Burr Cosmetics
泰拉瑞德,Tara Reid
水果挞,Tarte
特里·米歇尔,Terri Michele
泰莉亚·索蒂,Thaila Sodi
烘培联盟,The Federation of Bakers
布达佩斯大饭店,The Grand Budapest Hotel
清晨之后,The Morning After
裸蜂,The Naked Bee
赛欧·芬奈儿,Theo Fennell
西奥多贝弗利山庄,Theodore of Beverly Hills
斯威特斯古龙,Thwaites Cologne
金属灰男士,Titanium Man
托德·欧德汉,Todd Oldham
汤姆·瑞博,Tom Rebl
古墓丽影,Tomb Raider
泰勒限量版,Traveller Limited
特里沃·索贝,Trevor Sorbie
三部曲,Trilogy
特瑞纳,Trina
特丽莎·耶尔伍德,Trisha Yearwood
图丽莎·康托斯塔夫洛斯,Tulisa Contostavlos
图西,Tussy
20号板球,Twenty20 Cricket Company
暮光之美,Twilight Beauty
幽蒂薇,Ulric de Varens
城市户外,Urban Outfitters
五朵里,Uttori
优伊尔米,UER MI
未知品牌,Unknown
新的世界,Un Monde Nouveau
茵宝,Umbro
尤提玛,IIUltima II
亚瑟,Usher
衰落的城市,Urban Decay
幽尼托普,Unitop
视觉香氛,unvisual/parfums
德罗巴·卡尔沃,Uomo Parfums - Didier Calvo
夜巴厘,Une Nuit A Bali
联盟,JUnion J
乌拉尼亚,Urania
城市河流,Urban Reivers
维多利亚的秘密,Victoria's Secret
维克多与罗夫,Viktor&Rolf
范思哲,Versace
梵克雅宝,Van Cleef & Arpels
华伦天奴,Valentino
维维尼奥,Vivinevo
王薇薇,Vera Wang
维氏瑞士军刀,Victorinox Swiss Army
范吉格斯,Van Gils
维纳斯·卡莫多,Vince Camuto
维罗妮克·加拜,Veronique Gabai
法儿曼,Valmont
维克托,Victor
维维安·韦斯特伍德,Vivienne Westwood
沃洛诺依,Voronoi
维维恩·萨博,Vivienne Sabo
凡赛尔,Versatile Paris
维多利亚·明亚,Viktoria Minya
薇薇赛,Vivasan
想象之旅,Voyages Imaginaires
天乐,Voice From The Sky
范·尤瑟多夫,Von Eusersdorff
美食家,Vivant
维多利亚·贝克汉姆,Victoria Beckham
神秘别墅,Villa of the Mysteries
达芬奇,Vinci
瓦内萨·萨默塞特,Vanessa Somerset Design
塔珍哈弗特,Vanessa Tugendhaft
比耶利亚,Viyella
维拉·杜祖莉,Voila Du Joli
瓦纳特,Vuarnet
香草繁多,Vanilla 'n More
名利,Vanity
瓦波国际,Vapro International
君子维若,Vero Uomo
炫目,Vertigo Parfums
沃恩,V7V76 by Vaughn
瓦伦丁·尤达什金,Valentin Yudashkin
情人节帕隆巴,Valentine Palomba
英勇,Valor
威尼斯海滩,Venice Beach
维拉,Vera
瓦赛尔之香,Vessel Parfums
大街,Viale!
小提琴,Violin Fragrance
贵宾室,VIP Room
维珍美妆,Virgin Vie
容貌,Visage
维斯康提·莫得尼,Visconti di Modrone
西三品牌,West Third Brand
维尔,Weil
维典,WIDIAN
女性秘密,Women Secret
伦敦西谷大街,Western Valley Avenue London
沃斯高定,Worth
维也纳之血,WienerBlut
威斯克,Wesker
味谷,Wegoo
沃杰德法拉,Wajid Farah
与月,With Moon
沃尔特·胡夫,Walter Wolf
言语,Words
蜡之诗,Wax Poetic
艾登天然香氛,Wild Eden Natural Perfume
魔法俏佳人,Winx Fairy Couture
白女巫,White Witch
邪恶,Wicked
野生花卉,Wild Flowers
威廉·伊登,William Eadon
翅膀,Wings
沃特福德,Waterford
威尔蒙茨,Wellments
温迪·尼科尔,Wendy Nichol
聪明人,Wiseguys
希爵夫,Xerjoff
邦德,XX-Bond
希瑞娜,Xyrena
思安·金,Xan Kim
斯德思,Xydes
伊夫黎雪,Yves Rocher
圣罗兰,YSL Yves Saint Laurent
亚德利,Yardley
伊夫西斯太尔,Yves de Sistelle
严夫若洛夫调香师,YanFroloff
伊夫·奥奇华,Yves d'Orgeval
耀石,Yosh
银杉,Yinshan
悠皮,Yoppy
雅娜,Yana
瓦拉1958,YVRA
伊洛佐尔,Yllozure
年轻天赋,Young and Gifted
伊万色拉斯,Yvan Serras
伊斯拉姆,Yeslam
伊万尼之花,Yvonne LaFLeur
飒拉,Zara
4160星期二4160 ,Tuesdays
47114711,
第十大道-卡尔·安东尼10,th Avenue Karl Antony
查哈罗夫,Zaharoff
扎科之香,Zarkoperfume
19731973,
19 6919-69,
27 8727 87,
阵奇,Zents
109 香氛109 ,Parfums
祖拉之美,Zoella Beauty
16671667,
5 ,Sens5 Sens
赞塔·埃布莫伟科,Zlatan Ibrahimovic Parfums
二是三2 ,Be 3
1918 ,Parfum National1918 Parfum National
英姿,Zinzi
人之禅宗,Zen for Men
18.21成功之士18.21 ,Man Made
珍娜朵拉,Zenadora
兹兰达,Zilda
左瑞卡玛丽布,Zorica Of Malibu
苏兹·佩塔拉兹,Zuzuz Petalz
